<metadata xml:lang="en"><Esri><CreaDate>20230911</CreaDate><CreaTime>17465600</CreaTime><ArcGISFormat>1.0</ArcGISFormat><ArcGISstyle>Item Description</ArcGISstyle><SyncOnce>FALSE</SyncOnce><DataProperties><itemProps><itemName Sync="TRUE">PL_20230910_DamageAssessment_Taroudant</itemName><imsContentType Sync="TRUE">002</imsContentType><itemLocation><linkage Sync="TRUE">file://\\unosatdata02\GIS\MA_Morocco\Web_Publish\EQ20230909MAR\Geodata\UNOSAT\EQ20230909MAR_SHP\PL_20230910_DamageAssessment_Taroudant.shp</linkage><protocol Sync="TRUE">Local Area Network</protocol></itemLocation><itemSize Sync="TRUE">0.000</itemSize></itemProps><coordRef><type Sync="TRUE">Geographic</type><geogcsn Sync="TRUE">GCS_WGS_1984</geogcsn><csUnits Sync="TRUE">Angular Unit: Degree (0.017453)</csUnits><peXml Sync="TRUE">&lt;GeographicCoordinateSystem xsi:type='typens:GeographicCoordinateSystem' xmlns:xsi='http://www.w3.org/2001/XMLSchema-instance' xmlns:xs='http://www.w3.org/2001/XMLSchema' xmlns:typens='http://www.esri.com/schemas/ArcGIS/3.0.0'&gt;&lt;WKT&gt;GEOGCS[&amp;quot;GCS_WGS_1984&amp;quot;,DATUM[&amp;quot;D_WGS_1984&amp;quot;,SPHEROID[&amp;quot;WGS_1984&amp;quot;,6378137.0,298.257223563]],PRIMEM[&amp;quot;Greenwich&amp;quot;,0.0],UNIT[&amp;quot;Degree&amp;quot;,0.0174532925199433],AUTHORITY[&amp;quot;EPSG&amp;quot;,4326]],VERTCS[&amp;quot;EGM96_Geoid&amp;quot;,VDATUM[&amp;quot;EGM96_Geoid&amp;quot;],PARAMETER[&amp;quot;Vertical_Shift&amp;quot;,0.0],PARAMETER[&amp;quot;Direction&amp;quot;,1.0],UNIT[&amp;quot;Meter&amp;quot;,1.0],AUTHORITY[&amp;quot;EPSG&amp;quot;,5773]]&lt;/WKT&gt;&lt;XOrigin&gt;-400&lt;/XOrigin&gt;&lt;YOrigin&gt;-400&lt;/YOrigin&gt;&lt;XYScale&gt;11258999068426.238&lt;/XYScale&gt;&lt;ZOrigin&gt;-100000&lt;/ZOrigin&gt;&lt;ZScale&gt;10000&lt;/ZScale&gt;&lt;MOrigin&gt;-100000&lt;/MOrigin&gt;&lt;MScale&gt;10000&lt;/MScale&gt;&lt;XYTolerance&gt;8.983152841195215e-09&lt;/XYTolerance&gt;&lt;ZTolerance&gt;0.001&lt;/ZTolerance&gt;&lt;MTolerance&gt;0.001&lt;/MTolerance&gt;&lt;HighPrecision&gt;true&lt;/HighPrecision&gt;&lt;LeftLongitude&gt;-180&lt;/LeftLongitude&gt;&lt;WKID&gt;4326&lt;/WKID&gt;&lt;LatestWKID&gt;4326&lt;/LatestWKID&gt;&lt;VCSWKID&gt;5773&lt;/VCSWKID&gt;&lt;LatestVCSWKID&gt;5773&lt;/LatestVCSWKID&gt;&lt;/GeographicCoordinateSystem&gt;</peXml></coordRef><lineage><Process ToolSource="c:\program files (x86)\arcgis\desktop10.1\ArcToolbox\Toolboxes\Conversion Tools.tbx\FeatureClassToFeatureClass" Date="20130506" Time="171203">FeatureClassToFeatureClass "E:\Temp\temp\Delete_GDB tests\TEST.gdb\TEST_Domain\TEST_DamagesPnt" "E:\Temp\temp\Delete_GDB tests\EventCodeISODateISO3CountryCode.gdb\Damage_Analysis" Damage_Sites # "SiteID "SiteID" true true false 2 Short 0 0 ,First,#,E:\Temp\temp\Delete_GDB tests\TEST.gdb\TEST_Domain\TEST_DamagesPnt,SiteID,-1,-1;SensorDate "SensorDate" true true false 8 Date 0 0 ,First,#,E:\Temp\temp\Delete_GDB tests\TEST.gdb\TEST_Domain\TEST_DamagesPnt,SensorDate,-1,-1;SensorID "SensorID" true true false 4 Long 0 0 ,First,#,E:\Temp\temp\Delete_GDB tests\TEST.gdb\TEST_Domain\TEST_DamagesPnt,SensorID,-1,-1;ConfidenceID "ConfidenceID" true true false 2 Short 0 0 ,First,#,E:\Temp\temp\Delete_GDB tests\TEST.gdb\TEST_Domain\TEST_DamagesPnt,ConfidenceID,-1,-1;FieldValidation "FieldValidation" true true false 2 Short 0 0 ,First,#,E:\Temp\temp\Delete_GDB tests\TEST.gdb\TEST_Domain\TEST_DamagesPnt,FieldValidation,-1,-1;Settlement_Name "Settlement_Name" true true false 100 Text 0 0 ,First,#,E:\Temp\temp\Delete_GDB tests\TEST.gdb\TEST_Domain\TEST_DamagesPnt,Settlement_Name,-1,-1;Notes "Notes" true true false 100 Text 0 0 ,First,#,E:\Temp\temp\Delete_GDB tests\TEST.gdb\TEST_Domain\TEST_DamagesPnt,Notes,-1,-1;Main_Damage_Site_Class "Main_Damage_Site_Class" true true false 2 Short 0 0 ,First,#,E:\Temp\temp\Delete_GDB tests\TEST.gdb\TEST_Domain\TEST_DamagesPnt,Main_Damage_Site_Class,-1,-1;Grouped_Damage_Classes "Grouped_Damage_Classes" true true false 2 Short 0 0 ,First,#,E:\Temp\temp\Delete_GDB tests\TEST.gdb\TEST_Domain\TEST_DamagesPnt,Grouped_Damage_Classes,-1,-1;StaffID "StaffID" true true false 4 Long 0 0 ,First,#,E:\Temp\temp\Delete_GDB tests\TEST.gdb\TEST_Domain\TEST_DamagesPnt,StaffID,-1,-1;EventCode "EventCode" true true false 50 Text 0 0 ,First,#,E:\Temp\temp\Delete_GDB tests\TEST.gdb\TEST_Domain\TEST_DamagesPnt,EventCode,-1,-1" #</Process><Process ToolSource="c:\program files (x86)\arcgis\desktop10.1\ArcToolbox\Toolboxes\Conversion Tools.tbx\FeatureClassToFeatureClass" Date="20130506" Time="175305">FeatureClassToFeatureClass "E:\Temp\temp\Delete_GDB tests\EventCodeISODateISO3CountryCode.gdb\Damage_Analysis\Damage_Sites" M:\UNOSAT_Templates\Geodatabase\EventCodeISODateISO3CountryCode.gdb\Damage_Analysis Damage_Sites # "SiteID "SiteID" true true false 2 Short 0 0 ,First,#,E:\Temp\temp\Delete_GDB tests\EventCodeISODateISO3CountryCode.gdb\Damage_Analysis\Damage_Sites,SiteID,-1,-1;SensorDate "SensorDate" true true false 8 Date 0 0 ,First,#,E:\Temp\temp\Delete_GDB tests\EventCodeISODateISO3CountryCode.gdb\Damage_Analysis\Damage_Sites,SensorDate,-1,-1;SensorID "SensorID" true true false 4 Long 0 0 ,First,#,E:\Temp\temp\Delete_GDB tests\EventCodeISODateISO3CountryCode.gdb\Damage_Analysis\Damage_Sites,SensorID,-1,-1;ConfidenceID "ConfidenceID" true true false 2 Short 0 0 ,First,#,E:\Temp\temp\Delete_GDB tests\EventCodeISODateISO3CountryCode.gdb\Damage_Analysis\Damage_Sites,ConfidenceID,-1,-1;FieldValidation "FieldValidation" true true false 2 Short 0 0 ,First,#,E:\Temp\temp\Delete_GDB tests\EventCodeISODateISO3CountryCode.gdb\Damage_Analysis\Damage_Sites,FieldValidation,-1,-1;Settlement_Name "Settlement_Name" true true false 100 Text 0 0 ,First,#,E:\Temp\temp\Delete_GDB tests\EventCodeISODateISO3CountryCode.gdb\Damage_Analysis\Damage_Sites,Settlement_Name,-1,-1;Notes "Notes" true true false 100 Text 0 0 ,First,#,E:\Temp\temp\Delete_GDB tests\EventCodeISODateISO3CountryCode.gdb\Damage_Analysis\Damage_Sites,Notes,-1,-1;Main_Damage_Site_Class "Main_Damage_Site_Class" true true false 2 Short 0 0 ,First,#,E:\Temp\temp\Delete_GDB tests\EventCodeISODateISO3CountryCode.gdb\Damage_Analysis\Damage_Sites,Main_Damage_Site_Class,-1,-1;Grouped_Damage_Classes "Grouped_Damage_Classes" true true false 2 Short 0 0 ,First,#,E:\Temp\temp\Delete_GDB tests\EventCodeISODateISO3CountryCode.gdb\Damage_Analysis\Damage_Sites,Grouped_Damage_Classes,-1,-1;StaffID "StaffID" true true false 4 Long 0 0 ,First,#,E:\Temp\temp\Delete_GDB tests\EventCodeISODateISO3CountryCode.gdb\Damage_Analysis\Damage_Sites,StaffID,-1,-1;EventCode "EventCode" true true false 50 Text 0 0 ,First,#,E:\Temp\temp\Delete_GDB tests\EventCodeISODateISO3CountryCode.gdb\Damage_Analysis\Damage_Sites,EventCode,-1,-1" #</Process><Process ToolSource="c:\program files\arcgis\pro\Resources\ArcToolbox\Toolboxes\Data Management Tools.tbx\Rename" Date="20230911" Time="055956">Rename M:\MA_Morocco\Workspace\EQ20230909MAR\Damage_Assessment\Vanessa_DamageAssessment\Geodatabase_Taroudant\EQ20230909MAR_Taroudant.gdb\Damage_Analysis\Damage_Sites M:\MA_Morocco\Workspace\EQ20230909MAR\Damage_Assessment\Vanessa_DamageAssessment\Geodatabase_Taroudant\EQ20230909MAR_Taroudant.gdb\Damage_Analysis\PHR20230910_DamageAssessment_Tarodant FeatureClass</Process><Process ToolSource="c:\program files\arcgis\pro\Resources\ArcToolbox\toolboxes\Data Management Tools.tbx\CopyMultiple" Date="20230911" Time="174659">CopyMultiple "\\unosatdata02\gis\MA_Morocco\Workspace\EQ20230909MAR\Damage_Assessment\Vanessa_DamageAssessment\Geodatabase_Taroudant\EQ20230909MAR_Taroudant.gdb\Damage_Analysis\PHR20230910_DamageAssessment_Tarodant FeatureClass" \\unosatdata02\gis\MA_Morocco\GeoData\UNOSAT\Geodatabase\EQ20230909MAR\EQ20230909MAR.gdb\Damage_Analysis PHR20230910_DamageAssessment_Tarodant "PHR20230910_DamageAssessment_Tarodant FeatureClass PHR20230910_DamageAssessment_Tarodant #"</Process><Process ToolSource="c:\program files\arcgis\pro\Resources\ArcToolbox\toolboxes\Data Management Tools.tbx\Rename" Date="20230911" Time="174725">Rename \\unosatdata02\gis\MA_Morocco\GeoData\UNOSAT\Geodatabase\EQ20230909MAR\EQ20230909MAR.gdb\Damage_Analysis\PHR20230910_DamageAssessment_Tarodant \\unosatdata02\gis\MA_Morocco\GeoData\UNOSAT\Geodatabase\EQ20230909MAR\EQ20230909MAR.gdb\Damage_Analysis\PL_20230910_DamageAssessment_Taroudant FeatureClass</Process><Process ToolSource="c:\program files\arcgis\pro\Resources\ArcToolbox\toolboxes\Data Management Tools.tbx\Append" Date="20230913" Time="082321">Append PHR20230910_DamageAssessment_Tarodant \\unosatdata02\GIS\MA_Morocco\Web_Publish\EQ20230909MAR\Geodata\UNOSAT\EQ20230909MAR.gdb\Damage_Analysis\PL_20230910_DamageAssessment_Taroudant "Input fields must match target fields" # # #</Process><Process ToolSource="c:\program files\arcgis\pro\Resources\ArcToolbox\toolboxes\Data Management Tools.tbx\Append" Date="20230913" Time="083341">Append PHR20230910_DamageAssessment_Tarodant \\unosatdata02\GIS\MA_Morocco\Web_Publish\EQ20230909MAR\Geodata\UNOSAT\EQ20230909MAR.gdb\Damage_Analysis\PL_20230910_DamageAssessment_Taroudant "Input fields must match target fields" # # #</Process><Process ToolSource="c:\program files\arcgis\pro\Resources\ArcToolbox\toolboxes\Data Management Tools.tbx\CopyFeatures" Date="20230914" Time="115245">CopyFeatures M:\MA_Morocco\Web_Publish\EQ20230909MAR\Geodata\UNOSAT\EQ20230909MAR.gdb\Damage_Analysis\PL_20230910_DamageAssessment_Taroudant \\unosatdata02\GIS\MA_Morocco\Web_Publish\EQ20230909MAR\Geodata\UNOSAT\EQ20230909MAR_SHP\PL_20230910_DamageAssessment_Taroudant.shp # # # #</Process><Process Name="Delete Field" ToolSource="c:\program files\arcgis\pro\Resources\ArcToolbox\toolboxes\Data Management Tools.tbx\DeleteField" Date="20230914" Time="120853">DeleteField PL_20230910_DamageAssessment_Taroudant SiteID;SensorID;Confidence;FieldValid;Main_Damag;Grouped_Da;StaffID;ImageID_Nu "Delete Fields"</Process><Process Name="Add Field" ToolSource="c:\program files\arcgis\pro\Resources\ArcToolbox\toolboxes\Data Management Tools.tbx\AddField" Date="20230914" Time="120853">AddField PL_20230910_DamageAssessment_Taroudant SiteID TEXT # # # # NULLABLE NON_REQUIRED #</Process><Process Name="Add Field (2)" ToolSource="c:\program files\arcgis\pro\Resources\ArcToolbox\toolboxes\Data Management Tools.tbx\AddField" Date="20230914" Time="120853">AddField PL_20230910_DamageAssessment_Taroudant SensorID TEXT # # # # NULLABLE NON_REQUIRED #</Process><Process Name="Add Field (3)" ToolSource="c:\program files\arcgis\pro\Resources\ArcToolbox\toolboxes\Data Management Tools.tbx\AddField" Date="20230914" Time="120854">AddField PL_20230910_DamageAssessment_Taroudant Confidence TEXT # # # # NULLABLE NON_REQUIRED #</Process><Process Name="Add Field (4)" ToolSource="c:\program files\arcgis\pro\Resources\ArcToolbox\toolboxes\Data Management Tools.tbx\AddField" Date="20230914" Time="120854">AddField PL_20230910_DamageAssessment_Taroudant FieldValid TEXT # # # # NULLABLE NON_REQUIRED #</Process><Process Name="Add Field (5)" ToolSource="c:\program files\arcgis\pro\Resources\ArcToolbox\toolboxes\Data Management Tools.tbx\AddField" Date="20230914" Time="120854">AddField PL_20230910_DamageAssessment_Taroudant Main_Dmg TEXT # # # # NULLABLE NON_REQUIRED #</Process><Process Name="Add Field (6)" ToolSource="c:\program files\arcgis\pro\Resources\ArcToolbox\toolboxes\Data Management Tools.tbx\AddField" Date="20230914" Time="120854">AddField PL_20230910_DamageAssessment_Taroudant Grouped_Da TEXT # # # # NULLABLE NON_REQUIRED #</Process><Process Name="Add Field (11)" ToolSource="c:\program files\arcgis\pro\Resources\ArcToolbox\toolboxes\Data Management Tools.tbx\AddField" Date="20230914" Time="120854">AddField PL_20230910_DamageAssessment_Taroudant StaffID TEXT # # # # NULLABLE NON_REQUIRED #</Process><Process Name="Add Field (12)" ToolSource="c:\program files\arcgis\pro\Resources\ArcToolbox\toolboxes\Data Management Tools.tbx\AddField" Date="20230914" Time="120854">AddField PL_20230910_DamageAssessment_Taroudant ImageID_Nu TEXT # # # # NULLABLE NON_REQUIRED #</Process><Process Name="Calculate Field" ToolSource="c:\program files\arcgis\pro\Resources\ArcToolbox\toolboxes\Data Management Tools.tbx\CalculateField" Date="20230914" Time="120854">CalculateField PL_20230910_DamageAssessment_Taroudant SiteID "Building (Genaral/Default)" "Python 3" # Text NO_ENFORCE_DOMAINS</Process><Process Name="Calculate Field (2)" ToolSource="c:\program files\arcgis\pro\Resources\ArcToolbox\toolboxes\Data Management Tools.tbx\CalculateField" Date="20230914" Time="120854">CalculateField PL_20230910_DamageAssessment_Taroudant SensorID "Pleiades" "Python 3" # Text NO_ENFORCE_DOMAINS</Process><Process Name="Calculate Field (3)" ToolSource="c:\program files\arcgis\pro\Resources\ArcToolbox\toolboxes\Data Management Tools.tbx\CalculateField" Date="20230914" Time="120854">CalculateField PL_20230910_DamageAssessment_Taroudant Confidence "To Be Evaluated" "Python 3" # Text NO_ENFORCE_DOMAINS</Process><Process Name="Calculate Field (4)" ToolSource="c:\program files\arcgis\pro\Resources\ArcToolbox\toolboxes\Data Management Tools.tbx\CalculateField" Date="20230914" Time="120855">CalculateField PL_20230910_DamageAssessment_Taroudant FieldValid "Not yet field validated" "Python 3" # Text NO_ENFORCE_DOMAINS</Process><Process Name="Calculate Field (5)" ToolSource="c:\program files\arcgis\pro\Resources\ArcToolbox\toolboxes\Data Management Tools.tbx\CalculateField" Date="20230914" Time="120855">CalculateField PL_20230910_DamageAssessment_Taroudant Main_Dmg "Damage" "Python 3" # Text NO_ENFORCE_DOMAINS</Process><Process Name="Calculate Field (7)" ToolSource="c:\program files\arcgis\pro\Resources\ArcToolbox\toolboxes\Data Management Tools.tbx\CalculateField" Date="20230914" Time="120855">CalculateField PL_20230910_DamageAssessment_Taroudant Grouped_Da "Damaged Buildings" "Python 3" # Text NO_ENFORCE_DOMAINS</Process><Process Name="Calculate Field (8)" ToolSource="c:\program files\arcgis\pro\Resources\ArcToolbox\toolboxes\Data Management Tools.tbx\CalculateField" Date="20230914" Time="120855">CalculateField PL_20230910_DamageAssessment_Taroudant StaffID "VG" "Python 3" # Text NO_ENFORCE_DOMAINS</Process><Process ToolSource="c:\program files (x86)\arcgis\desktop10.8\ArcToolbox\Toolboxes\Data Management Tools.tbx\CalculateField" Date="20230914" Time="122710">CalculateField PL_20230910_DamageAssessment_Taroudant Main_Dmg "Possible damage" VB #</Process></lineage></DataProperties><SyncDate>20230914</SyncDate><SyncTime>11524500</SyncTime><ModDate>20230914</ModDate><ModTime>11524500</ModTime></Esri><dataIdInfo><envirDesc Sync="TRUE">Microsoft Windows 10 Version 10.0 (Build 19045) ; Esri ArcGIS 13.0.0.36056</envirDesc><dataLang><languageCode value="eng" Sync="TRUE"></languageCode><countryCode value="CHE" Sync="TRUE"></countryCode></dataLang><idCitation><resTitle Sync="TRUE">PL_20230910_DamageAssessment_Taroudant</resTitle><presForm><PresFormCd value="005" Sync="TRUE"></PresFormCd></presForm></idCitation><spatRpType><SpatRepTypCd value="001" Sync="TRUE"></SpatRepTypCd></spatRpType></dataIdInfo><mdLang><languageCode value="eng" Sync="TRUE"></languageCode><countryCode value="CHE" Sync="TRUE"></countryCode></mdLang><distInfo><distFormat><formatName Sync="TRUE">Shapefile</formatName></distFormat><distTranOps><transSize Sync="TRUE">0.000</transSize></distTranOps></distInfo><mdHrLv><ScopeCd value="005" Sync="TRUE"></ScopeCd></mdHrLv><mdHrLvName Sync="TRUE">dataset</mdHrLvName><refSysInfo><RefSystem><refSysID><identCode code="4326" Sync="TRUE"></identCode><idCodeSpace Sync="TRUE">EPSG</idCodeSpace><idVersion Sync="TRUE">6.2(3.0.1)</idVersion></refSysID></RefSystem></refSysInfo><spatRepInfo><VectSpatRep><geometObjs Name="PL_20230910_DamageAssessment_Taroudant"><geoObjTyp><GeoObjTypCd value="004" Sync="TRUE"></GeoObjTypCd></geoObjTyp><geoObjCnt Sync="TRUE">0</geoObjCnt></geometObjs><topLvl><TopoLevCd value="001" Sync="TRUE"></TopoLevCd></topLvl></VectSpatRep></spatRepInfo><spdoinfo><ptvctinf><esriterm Name="PL_20230910_DamageAssessment_Taroudant"><efeatyp Sync="TRUE">Simple</efeatyp><efeageom code="1" Sync="TRUE"></efeageom><esritopo Sync="TRUE">FALSE</esritopo><efeacnt Sync="TRUE">0</efeacnt><spindex Sync="TRUE">FALSE</spindex><linrefer Sync="TRUE">FALSE</linrefer></esriterm></ptvctinf></spdoinfo><eainfo><detailed Name="PL_20230910_DamageAssessment_Taroudant"><enttyp><enttypl Sync="TRUE">PL_20230910_DamageAssessment_Taroudant</enttypl><enttypt Sync="TRUE">Feature Class</enttypt><enttypc Sync="TRUE">0</enttypc></enttyp><attr><attrlabl Sync="TRUE">FID</attrlabl><attalias Sync="TRUE">FID</attalias><attrtype Sync="TRUE">OID</attrtype><attwidth Sync="TRUE">4</attwidth><atprecis Sync="TRUE">0</atprecis><attscale Sync="TRUE">0</attscale><attrdef Sync="TRUE">Internal feature number.</attrdef><attrdefs Sync="TRUE">Esri</attrdefs><attrdomv><udom Sync="TRUE">Sequential unique whole numbers that are automatically generated.</udom></attrdomv></attr><attr><attrlabl Sync="TRUE">Shape</attrlabl><attalias Sync="TRUE">Shape</attalias><attrtype Sync="TRUE">Geometry</attrtype><attwidth Sync="TRUE">0</attwidth><atprecis Sync="TRUE">0</atprecis><attscale Sync="TRUE">0</attscale><attrdef Sync="TRUE">Feature geometry.</attrdef><attrdefs Sync="TRUE">Esri</attrdefs><attrdomv><udom Sync="TRUE">Coordinates defining the features.</udom></attrdomv></attr><attr><attrlabl Sync="TRUE">SiteID</attrlabl><attalias Sync="TRUE">SiteID</attalias><attrtype Sync="TRUE">Integer</attrtype><attwidth Sync="TRUE">5</attwidth><atprecis Sync="TRUE">5</atprecis><attscale Sync="TRUE">0</attscale></attr><attr><attrlabl Sync="TRUE">SensorDate</attrlabl><attalias Sync="TRUE">SensorDate</attalias><attrtype Sync="TRUE">Date</attrtype><attwidth Sync="TRUE">8</attwidth><atprecis Sync="TRUE">0</atprecis><attscale Sync="TRUE">0</attscale></attr><attr><attrlabl Sync="TRUE">SensorID</attrlabl><attalias Sync="TRUE">SensorID</attalias><attrtype Sync="TRUE">Integer</attrtype><attwidth Sync="TRUE">10</attwidth><atprecis Sync="TRUE">10</atprecis><attscale Sync="TRUE">0</attscale></attr><attr><attrlabl Sync="TRUE">Confidence</attrlabl><attalias Sync="TRUE">Confidence</attalias><attrtype Sync="TRUE">Integer</attrtype><attwidth Sync="TRUE">5</attwidth><atprecis Sync="TRUE">5</atprecis><attscale Sync="TRUE">0</attscale></attr><attr><attrlabl Sync="TRUE">FieldValid</attrlabl><attalias Sync="TRUE">FieldValid</attalias><attrtype Sync="TRUE">Integer</attrtype><attwidth Sync="TRUE">5</attwidth><atprecis Sync="TRUE">5</atprecis><attscale Sync="TRUE">0</attscale></attr><attr><attrlabl Sync="TRUE">Settlement</attrlabl><attalias Sync="TRUE">Settlement</attalias><attrtype Sync="TRUE">String</attrtype><attwidth Sync="TRUE">100</attwidth><atprecis Sync="TRUE">0</atprecis><attscale Sync="TRUE">0</attscale></attr><attr><attrlabl Sync="TRUE">Notes</attrlabl><attalias Sync="TRUE">Notes</attalias><attrtype Sync="TRUE">String</attrtype><attwidth Sync="TRUE">100</attwidth><atprecis Sync="TRUE">0</atprecis><attscale Sync="TRUE">0</attscale></attr><attr><attrlabl Sync="TRUE">Main_Damag</attrlabl><attalias Sync="TRUE">Main_Damag</attalias><attrtype Sync="TRUE">Integer</attrtype><attwidth Sync="TRUE">5</attwidth><atprecis Sync="TRUE">5</atprecis><attscale Sync="TRUE">0</attscale></attr><attr><attrlabl Sync="TRUE">Grouped_Da</attrlabl><attalias Sync="TRUE">Grouped_Da</attalias><attrtype Sync="TRUE">Integer</attrtype><attwidth Sync="TRUE">5</attwidth><atprecis Sync="TRUE">5</atprecis><attscale Sync="TRUE">0</attscale></attr><attr><attrlabl Sync="TRUE">StaffID</attrlabl><attalias Sync="TRUE">StaffID</attalias><attrtype Sync="TRUE">Integer</attrtype><attwidth Sync="TRUE">10</attwidth><atprecis Sync="TRUE">10</atprecis><attscale Sync="TRUE">0</attscale></attr><attr><attrlabl Sync="TRUE">EventCode</attrlabl><attalias Sync="TRUE">EventCode</attalias><attrtype Sync="TRUE">String</attrtype><attwidth Sync="TRUE">50</attwidth><atprecis Sync="TRUE">0</atprecis><attscale Sync="TRUE">0</attscale></attr><attr><attrlabl Sync="TRUE">ImageID_Nu</attrlabl><attalias Sync="TRUE">ImageID_Nu</attalias><attrtype Sync="TRUE">Integer</attrtype><attwidth Sync="TRUE">10</attwidth><atprecis Sync="TRUE">10</atprecis><attscale Sync="TRUE">0</attscale></attr></detailed></eainfo><mdDateSt Sync="TRUE">20230914</mdDateSt></metadata>
